Number of Devices Configurations: 20;;;;;;;;;;;;;;;;;;;;;;;;;;;;;;;;;;;;;;;;;;;;;;;;;;;;;;;;;;;;;;;;;;;;;;;;;;;;;;;;;;;;;;;;;;;;;;;;;;;;;;;;;;;;;;;;;;;;;;;;
Fixed Source: Voltage Source 2;;;;;;;;;;;;;;;;;;;;;;;;;;;;;;;;;;;;;;;;;;;;;;;;;;;;;;;;;;;;;;;;;;;;;;;;;;;;;;;;;;;;;;;;;;;;;;;;;;;;;;;;;;;;;;;;;;;;;;;;
Fixed Source Value: 0,010000509846000;;;;;;;;;;;;;;;;;;;;;;;;;;;;;;;;;;;;;;;;;;;;;;;;;;;;;;;;;;;;;;;;;;;;;;;;;;;;;;;;;;;;;;;;;;;;;;;;;;;;;;;;;;;;;;;;;;;;;;;;
Variable Source: Voltage Source 1;;;;;;;;;;;;;;;;;;;;;;;;;;;;;;;;;;;;;;;;;;;;;;;;;;;;;;;;;;;;;;;;;;;;;;;;;;;;;;;;;;;;;;;;;;;;;;;;;;;;;;;;;;;;;;;;;;;;;;;;
Variable Source Sweep from -0,499938586319000  To 0,500018809701000 With 500 Steps;;;;;;;;;;;;;;;;;;;;;;;;;;;;;;;;;;;;;;;;;;;;;;;;;;;;;;;;;;;;;;;;;;;;;;;;;;;;;;;;;;;;;;;;;;;;;;;;;;;;;;;;;;;;;;;;;;;;;;;;
Display Measurement: ;;;;;;;;;;;;;;;;;;;;;;;;;;;;;;;;;;;;;;;;;;;;;;;;;;;;;;;;;;;;;;;;;;;;;;;;;;;;;;;;;;;;;;;;;;;;;;;;;;;;;;;;;;;;;;;;;;;;;;;;
ADC Gain: 10;;;;;;;;;;;;;;;;;;;;;;;;;;;;;;;;;;;;;;;;;;;;;;;;;;;;;;;;;;;;;;;;;;;;;;;;;;;;;;;;;;;;;;;;;;;;;;;;;;;;;;;;;;;;;;;;;;;;;;;;
Sense Resistor 1: 100;;;;;;;;;;;;;;;;;;;;;;;;;;;;;;;;;;;;;;;;;;;;;;;;;;;;;;;;;;;;;;;;;;;;;;;;;;;;;;;;;;;;;;;;;;;;;;;;;;;;;;;;;;;;;;;;;;;;;;;;
Sense Resistor 2: 998;;;;;;;;;;;;;;;;;;;;;;;;;;;;;;;;;;;;;;;;;;;;;;;;;;;;;;;;;;;;;;;;;;;;;;;;;;;;;;;;;;;;;;;;;;;;;;;;;;;;;;;;;;;;;;;;;;;;;;;;
Time to Wait After Each Sweep (ms): 1000;;;;;;;;;;;;;;;;;;;;;;;;;;;;;;;;;;;;;;;;;;;;;;;;;;;;;;;;;;;;;;;;;;;;;;;;;;;;;;;;;;;;;;;;;;;;;;;;;;;;;;;;;;;;;;;;;;;;;;;;
Delay after each Step inside sweep (us): 200;;;;;;;;;;;;;;;;;;;;;;;;;;;;;;;;;;;;;;;;;;;;;;;;;;;;;;;;;;;;;;;;;;;;;;;;;;;;;;;;;;;;;;;;;;;;;;;;;;;;;;;;;;;;;;;;;;;;;;;;
Number of ADC readings at each setpoint (for averages):  2;;;;;;;;;;;;;;;;;;;;;;;;;;;;;;;;;;;;;;;;;;;;;;;;;;;;;;;;;;;;;;;;;;;;;;;;;;;;;;;;;;;;;;;;;;;;;;;;;;;;;;;;;;;;;;;;;;;;;;;;
forward and backward sweep: FALSE;;;;;;;;;;;;;;;;;;;;;;;;;;;;;;;;;;;;;;;;;;;;;;;;;;;;;;;;;;;;;;;;;;;;;;;;;;;;;;;;;;;;;;;;;;;;;;;;;;;;;;;;;;;;;;;;;;;;;;;;
;;;;;;;;;;;;;;;;;;;;;;;;;;;;;;;;;;;;;;;;;;;;;;;;;;;;;;;;;;;;;;;;;;;;;;;;;;;;;;;;;;;;;;;;;;;;;;;;;;;;;;;;;;;;;;;;;;;;;;;;
Start Time: 2025-04-14_11h41m01s,64m;;;;;;;;;;;;;;;;;;;;;;;;;;;;;;;;;;;;;;;;;;;;;;;;;;;;;;;;;;;;;;;;;;;;;;;;;;;;;;;;;;;;;;;;;;;;;;;;;;;;;;;;;;;;;;;;;;;;;;;;
TimeStamp;dev1 Max Value;dev1 Min Value;dev1X Max Value;dev1X Min Value;dev1 Max Slope;dev1 Min Slope;dev2 Max Value;dev2 Min Value;dev2X Max Value;dev2X Min Value;dev2 Max Slope;dev2 Min Slope;dev3 Max Value;dev3 Min Value;dev3X Max Value;dev3X Min Value;dev3 Max Slope;dev3 Min Slope;dev4 Max Value;dev4 Min Value;dev4X Max Value;dev4X Min Value;dev4 Max Slope;dev4 Min Slope;dev5 Max Value;dev5 Min Value;dev5X Max Value;dev5X Min Value;dev5 Max Slope;dev5 Min Slope;dev6 Max Value;dev6 Min Value;dev6X Max Value;dev6X Min Value;dev6 Max Slope;dev6 Min Slope;dev7 Max Value;dev7 Min Value;dev7X Max Value;dev7X Min Value;dev7 Max Slope;dev7 Min Slope;dev8 Max Value;dev8 Min Value;dev8X Max Value;dev8X Min Value;dev8 Max Slope;dev8 Min Slope;dev9 Max Value;dev9 Min Value;dev9X Max Value;dev9X Min Value;dev9 Max Slope;dev9 Min Slope;dev10 Max Value;dev10 Min Value;dev10X Max Value;dev10X Min Value;dev10 Max Slope;dev10 Min Slope;dev11 Max Value;dev11 Min Value;dev11X Max Value;dev11X Min Value;dev11 Max Slope;dev11 Min Slope;dev12 Max Value;dev12 Min Value;dev12X Max Value;dev12X Min Value;dev12 Max Slope;dev12 Min Slope;dev13 Max Value;dev13 Min Value;dev13X Max Value;dev13X Min Value;dev13 Max Slope;dev13 Min Slope;dev14 Max Value;dev14 Min Value;dev14X Max Value;dev14X Min Value;dev14 Max Slope;dev14 Min Slope;dev15 Max Value;dev15 Min Value;dev15X Max Value;dev15X Min Value;dev15 Max Slope;dev15 Min Slope;dev16 Max Value;dev16 Min Value;dev16X Max Value;dev16X Min Value;dev16 Max Slope;dev16 Min Slope;dev17 Max Value;dev17 Min Value;dev17X Max Value;dev17X Min Value;dev17 Max Slope;dev17 Min Slope;Dev 18 Max Value;Dev 18 Min Value;Dev 18X Max Value;Dev 18X Min Value;Dev 18 Max Slope;Dev 18 Min Slope;Dev 19 Max Value;Dev 19 Min Value;Dev 19X Max Value;Dev 19X Min Value;Dev 19 Max Slope;Dev 19 Min Slope;Dev 20 Max Value;Dev 20 Min Value;Dev 20X Max Value;Dev 20X Min Value;Dev 20 Max Slope;Dev 20 Min Slope
11h41m07s,38m;-7,14099E-07;-4,17495E-06;-0,325597317;0,46194428;1,536E-08;-2,5311E-08;-3,24495E-07;-1,65753E-06;-0,279507096;0,06717152;2,7862E-08;-1,8973E-08;1,2654E-08;1,0385E-08;0,50001881;-0,499938586;1,64E-10;-2,9E-11;1,12983E-07;2,3645E-08;0,492003119;-0,417777758;1,132E-09;-7,83E-10;3,4026E-08;1,3957E-08;0,50001881;-0,273495328;2,95E-10;-4,43E-10;7,0982E-08;1,3699E-08;0,50001881;-0,193338423;5,26E-10;-1,11E-10;2,08406E-07;3,6937E-08;0,50001881;-0,231412953;2,299E-09;-4,95E-10;1,3254E-08;1,112E-08;0,50001881;0,075187211;2,27E-10;-3,5E-11;1,92114E-07;3,4722E-08;0,475971738;-0,245440411;8,25E-10;-5,11E-10;2,15788E-07;3,3476E-08;0,50001881;-0,239428643;4,744E-09;-3,88E-10;1,20125E-07;4,1913E-08;0,50001881;-0,325597317;3,75E-10;-1,63E-10;1,6037E-07;3,3371E-08;0,477975661;-0,271491406;8,95E-10;-9,64E-10;1,53552E-07;2,9801E-08;0,467956048;-0,237424721;9,72E-10;-4,37E-10;1,9456E-07;3,8579E-08;0,471963893;-0,279507096;8,92E-10;-1,338E-09;1,232E-08;1,098E-08;-0,425793449;-0,277503174;8,4E-11;-9,2E-11;1,3629E-08;1,0431E-08;-0,499938586;0,50001881;5,5E-11;-3,81E-10;2,00039E-07;4,329E-08;0,467956048;-0,265479638;1,084E-09;-1,591E-09;8,9623E-08;2,1986E-08;0,477975661;-0,231412953;3,03E-10;-3,18E-10;2,38137E-07;4,9902E-08;0,465952125;-0,235420798;9,89E-10;-2,45E-09;1,2745E-08;8,392E-09;0,425873672;-0,499938586;2,79E-10;-1,26E-10
11h41m14s,51m;2,95905E-07;5,9076E-08;0,441905053;-0,289526709;1,086E-09;-8,6E-10;1,08187E-07;3,111E-08;0,453928589;-0,273495328;4,41E-10;-6,28E-10;1,2359E-08;1,0596E-08;-0,225401185;0,50001881;7,9E-11;-2,39E-10;2,78198E-07;5,3448E-08;0,439901131;-0,26748356;1,572E-09;-8,71E-10;8,0414E-08;1,9199E-08;0,50001881;-0,241432566;3,85E-10;-2,19E-10;8,822E-08;1,9645E-08;0,50001881;-0,223397262;5,73E-10;-1,42E-10;2,76596E-07;4,3719E-08;0,477975661;-0,245440411;1,714E-09;-1,145E-09;1,2767E-08;1,1049E-08;0,021081299;-0,499938586;1,53E-10;-5,2E-11;2,40159E-07;4,1152E-08;0,50001881;-0,263475715;2,438E-09;-9,69E-10;2,42392E-07;3,6689E-08;0,50001881;-0,247444334;9,26E-10;-1,562E-09;1,4842E-07;4,7102E-08;0,463948202;-0,32760124;6,32E-10;-2,787E-09;2,07657E-07;4,0219E-08;0,50001881;-0,243436489;1,686E-09;-4,62E-10;1,88378E-07;3,5779E-08;0,50001881;-0,22940903;1,145E-09;-7,24E-10;2,34559E-07;4,4884E-08;0,473967815;-0,263475715;9,43E-10;-1,888E-09;1,2211E-08;1,0917E-08;0,321669695;0,50001881;5,7E-11;-1,32E-10;1,3613E-08;1,0175E-08;-0,499938586;0,50001881;3,4E-11;-3,13E-10;2,53547E-07;4,9092E-08;0,50001881;-0,257463947;1,794E-09;-5,14E-10;1,01585E-07;2,3518E-08;0,465952125;-0,22940903;3,64E-10;-3,88E-10;2,94085E-07;5,3037E-08;0,50001881;-0,231412953;2,202E-09;-6,95E-10;1,2386E-08;8,911E-09;-0,423789526;-0,47989936;1,89E-10;-2,86E-10
11h41m21s,56m;3,4214E-07;5,9731E-08;0,50001881;-0,291530632;3,035E-09;-8,36E-10;1,17466E-07;3,5131E-08;0,475971738;-0,285518864;4,81E-10;-8,36E-10;1,295E-08;1,0237E-08;0,50001881;-0,499938586;2,12E-10;-3,5E-11;3,2893E-07;5,94E-08;0,50001881;-0,269487483;1,495E-09;-1,518E-09;9,1696E-08;2,0081E-08;0,50001881;-0,269487483;1,242E-09;-3,98E-10;9,7441E-08;2,1563E-08;0,496010964;-0,22139334;3,93E-10;-1,83E-10;3,17891E-07;5,0491E-08;0,50001881;-0,249448257;3,409E-09;-6,77E-10;1,2876E-08;1,074E-08;0,50001881;-0,499938586;1,48E-10;-2,6E-11;2,63018E-07;4,3198E-08;0,50001881;-0,263475715;4,701E-09;-8,1E-10;2,24541E-07;3,868E-08;0,477975661;-0,247444334;9,7E-10;-5,53E-10;1,41327E-07;4,7993E-08;0,50001881;-0,325597317;4,37E-10;-6,8E-11;2,04727E-07;3,9562E-08;0,50001881;-0,247444334;6,24E-10;-3,91E-10;1,97436E-07;3,4876E-08;0,50001881;-0,245440411;6,81E-10;-6,21E-10;2,19542E-07;4,7153E-08;0,46194428;-0,261471792;1,227E-09;-2,288E-09;1,2302E-08;1,1294E-08;-0,469879747;0,421865827;1,49E-10;-1,23E-10;1,2477E-08;1,1015E-08;0,50001881;-0,499938586;1,73E-10;-3,8E-11;3,01603E-07;5,7335E-08;0,50001881;-0,22940903;1,485E-09;-6,8E-10;1,33378E-07;2,5173E-08;0,50001881;-0,195342345;1,578E-09;-6,72E-10;3,34015E-07;5,9036E-08;0,50001881;-0,231412953;1,103E-09;-7,85E-10;1,2775E-08;8,847E-09;0,50001881;-0,499938586;5,5E-10;-1,2E-10
11h41m28s,63m;3,22017E-07;6,354E-08;0,465952125;-0,277503174;1,277E-09;-6,325E-09;1,46661E-07;3,6365E-08;0,50001881;-0,239428643;2,579E-09;-5,3E-10;1,2654E-08;1,1044E-08;0,50001881;-0,499938586;1,67E-10;-2,8E-11;3,3308E-07;6,3532E-08;0,50001881;-0,257463947;1,225E-09;-7,88E-10;9,4431E-08;2,02E-08;0,50001881;-0,255460025;4,82E-10;-3,52E-10;9,4811E-08;2,194E-08;0,50001881;-0,217385494;5,36E-10;-5,92E-10;3,04902E-07;5,0309E-08;0,50001881;-0,243436489;2,448E-09;-1,719E-09;1,2623E-08;1,0902E-08;-0,465871901;-0,499938586;2,36E-10;-3,7E-11;2,55697E-07;3,8634E-08;0,50001881;-0,261471792;5,945E-09;-4,73E-10;1,84281E-07;3,4491E-08;0,50001881;-0,25946787;1,171E-09;-2,847E-09;1,10238E-07;3,8556E-08;0,429881517;-0,283514941;4,28E-10;-2,55E-10;1,33299E-07;3,3938E-08;0,50001881;-0,263475715;1,07E-09;-3,12E-10;1,45981E-07;2,6801E-08;0,50001881;-0,25946787;5,77E-10;-3,48E-10;1,80178E-07;3,6129E-08;0,50001881;-0,271491406;1,837E-09;-5,56E-10;1,2123E-08;1,0971E-08;0,21946964;-0,279507096;6,7E-11;-8,9E-11;1,3404E-08;1,1164E-08;-0,499938586;-0,465871901;4,4E-11;-3,03E-10;2,06261E-07;4,4945E-08;0,50001881;-0,237424721;3,234E-09;-5,47E-10;8,608E-08;1,957E-08;0,50001881;-0,223397262;5,36E-10;-2,12E-10;2,4652E-07;4,5336E-08;0,50001881;-0,209369804;1,26E-09;-5,23E-10;1,222E-08;9,102E-09;-0,125205053;-0,471883669;1,43E-10;-4,66E-10
11h41m35s,68m;2,41244E-07;5,0096E-08;0,50001881;-0,271491406;2,846E-09;-1,013E-09;1,16546E-07;3,1033E-08;0,50001881;-0,251452179;4,75E-10;-1,58E-10;1,2497E-08;1,1164E-08;0,50001881;-0,425793449;1,57E-10;-6,6E-11;2,55441E-07;5,2005E-08;0,433889363;-0,239428643;1,152E-09;-1,723E-09;7,1022E-08;1,8685E-08;0,50001881;-0,26748356;5,24E-10;-1,51E-10;8,3996E-08;1,9319E-08;0,50001881;-0,189330578;6,71E-10;-2,21E-10;2,42256E-07;4,3819E-08;0,50001881;-0,251452179;1,062E-09;-7,49E-10;1,2934E-08;1,1312E-08;0,467956048;0,50001881;6,2E-11;-2,49E-10;2,15771E-07;3,7682E-08;0,50001881;-0,227405108;7,82E-10;-4,59E-10;2,02572E-07;3,6055E-08;0,50001881;-0,225401185;7,44E-10;-5,08E-10;1,16828E-07;3,8309E-08;0,50001881;-0,281511019;1,475E-09;-3,61E-10;1,72003E-07;3,5699E-08;0,50001881;-0,241432566;1,387E-09;-4,88E-10;1,70576E-07;3,187E-08;0,50001881;-0,203358036;1,875E-09;-6,33E-10;1,97487E-07;4,0218E-08;0,50001881;-0,225401185;1,579E-09;-5,02E-10;1,2713E-08;1,0558E-08;0,027093067;-0,499938586;1,68E-10;-3,4E-11;1,2488E-08;1,1209E-08;0,225481408;0,375775606;1,11E-10;-6,7E-11;1,8819E-07;3,9364E-08;0,50001881;-0,22940903;2,023E-09;-6,74E-10;9,139E-08;2,3005E-08;0,46194428;-0,189330578;3,85E-10;-1,805E-09;2,60601E-07;4,2623E-08;0,50001881;-0,185322732;4,254E-09;-7,76E-10;1,3521E-08;7,446E-09;0,50001881;-0,499938586;4,83E-10;-1,01E-10
11h41m42s,78m;2,63844E-07;5,4576E-08;0,50001881;-0,25946787;2,91E-09;-1,042E-09;1,17689E-07;3,1204E-08;0,50001881;-0,227405108;5,9E-10;-6,39E-10;1,2787E-08;9,919E-09;0,50001881;-0,499938586;2,15E-10;-4E-11;2,47219E-07;4,6765E-08;0,463948202;-0,185322732;1,001E-09;-4,474E-09;8,1346E-08;1,8057E-08;0,50001881;-0,227405108;9,88E-10;-2,06E-10;7,5448E-08;1,8492E-08;0,50001881;-0,22139334;9,3E-10;-2,11E-10;2,48714E-07;3,9331E-08;0,50001881;-0,22139334;1,163E-09;-7,67E-10;1,2758E-08;1,1315E-08;0,425873672;0,17337942;1,8E-10;-5,8E-11;1,65599E-07;3,4703E-08;0,457936434;-0,241432566;7,38E-10;-1,712E-09;1,80455E-07;3,4381E-08;0,479979583;-0,195342345;6,85E-10;-9,82E-10;1,23347E-07;3,861E-08;0,50001881;-0,275499251;6,61E-10;-8,18E-10;1,68068E-07;3,4432E-08;0,475971738;-0,213377649;6,29E-10;-5,79E-10;1,60775E-07;3,2956E-08;0,465952125;-0,193338423;6,56E-10;-6,37E-10;2,07196E-07;4,1389E-08;0,50001881;-0,225401185;8,42E-10;-4,08E-10;1,2458E-08;1,1276E-08;-0,123201131;-0,471883669;5,7E-11;-1,14E-10;1,259E-08;1,1068E-08;-0,127208976;-0,469879747;5,4E-11;-2,18E-10;2,38954E-07;4,6786E-08;0,485991351;-0,189330578;1,728E-09;-1,599E-09;9,4396E-08;2,2973E-08;0,441905053;-0,205361959;3,8E-10;-4,75E-10;2,45984E-07;4,9839E-08;0,487995274;-0,219389417;1,235E-09;-8,52E-10;1,298E-08;8,768E-09;0,50001881;-0,499938586;3,91E-10;-1,1E-10
11h41m49s,82m;2,42093E-07;5,1812E-08;0,50001881;-0,25946787;1,447E-09;-1,554E-09;1,08576E-07;3,0614E-08;0,487995274;-0,217385494;7,05E-10;-7,78E-10;1,3445E-08;1,0701E-08;0,50001881;-0,499938586;2,77E-10;-5,6E-11;2,4907E-07;5,1151E-08;0,447916821;-0,213377649;1,121E-09;-9,79E-10;6,9743E-08;1,8616E-08;0,425873672;-0,217385494;5,29E-10;-2,34E-10;7,3404E-08;1,8965E-08;0,50001881;-0,181314887;3,9E-10;-3,58E-10;2,35734E-07;4,1517E-08;0,50001881;-0,199350191;3,272E-09;-8,29E-10;1,2821E-08;1,0989E-08;-0,499938586;0,50001881;3,9E-11;-2,08E-10;2,13047E-07;3,6651E-08;0,473967815;-0,199350191;2,129E-09;-4,064E-09;1,7128E-07;3,1427E-08;0,463948202;-0,189330578;9,65E-10;-1,484E-09;1,11139E-07;4,128E-08;0,417857982;-0,371687538;1,105E-09;-6,21E-10;1,49879E-07;3,2739E-08;0,489999197;-0,189330578;8,79E-10;-5,78E-10;1,45157E-07;3,1352E-08;0,50001881;-0,165283506;6,5E-10;-5,69E-10;1,90656E-07;4,0267E-08;0,50001881;-0,1913345;2,955E-09;-4,53E-10;1,2524E-08;1,0991E-08;0,50001881;-0,499938586;2,18E-10;-5,3E-11;1,2646E-08;1,058E-08;0,50001881;-0,499938586;2,42E-10;-6,2E-11;2,0956E-07;4,1798E-08;0,50001881;-0,147248202;1,087E-09;-1,332E-09;8,0881E-08;2,1124E-08;0,50001881;-0,165283506;6,78E-10;-2,88E-10;2,42949E-07;4,58E-08;0,50001881;-0,171295274;1,199E-09;-6,67E-10;1,3359E-08;9,958E-09;0,467956048;0,50001881;1,35E-10;-5,35E-10
11h41m56s,92m;2,39519E-07;5,8383E-08;0,369763838;-0,143240357;1,842E-09;-1,225E-09;1,00732E-07;2,7763E-08;0,50001881;-0,189330578;6,08E-10;-1,12E-09;1,2718E-08;1,1136E-08;-0,423789526;-0,471883669;7,9E-11;-2,52E-10;2,35147E-07;5,1986E-08;0,50001881;-0,1913345;1,309E-09;-8,58E-10;7,1954E-08;1,7848E-08;0,50001881;-0,14524428;3,58E-10;-1,92E-10;7,8505E-08;1,9351E-08;0,50001881;-0,149252125;5,82E-10;-4,32E-10;2,34524E-07;4,4751E-08;0,455932512;-0,18331881;9,75E-10;-4,08E-09;1,314E-08;1,0565E-08;-0,499938586;0,50001881;6,9E-11;-3,25E-10;1,98699E-07;3,9914E-08;0,483987429;-0,175303119;1,012E-09;-8,79E-10;1,86863E-07;3,503E-08;0,50001881;-0,203358036;7,54E-10;-6,72E-10;1,06098E-07;3,6947E-08;0,423869749;-0,257463947;1,122E-09;-6,33E-10;1,57637E-07;3,6661E-08;0,479979583;-0,185322732;8,69E-10;-7,46E-10;1,62404E-07;3,2507E-08;0,475971738;-0,163279583;8,33E-10;-1,126E-09;2,17513E-07;4,1328E-08;0,50001881;-0,199350191;2,308E-09;-7,27E-10;1,3195E-08;1,1042E-08;0,50001881;-0,329605162;1,62E-10;-3,7E-11;1,2709E-08;1,0667E-08;0,50001881;-0,499938586;1,85E-10;-2,4E-11;2,46565E-07;4,3629E-08;0,50001881;-0,173299196;3,24E-09;-1,131E-09;9,2309E-08;2,2559E-08;0,50001881;-0,169291351;5,84E-10;-3,93E-10;2,5172E-07;4,9019E-08;0,471963893;-0,161275661;1,129E-09;-1,314E-09;1,4012E-08;9,012E-09;0,50001881;-0,499938586;5,43E-10;-1,32E-10
11h42m04s,02m;2,70422E-07;5,7452E-08;0,46194428;-0,197346268;1,115E-09;-2,298E-09;1,11817E-07;3,2811E-08;0,50001881;-0,205361959;7,91E-10;-4,44E-10;1,3054E-08;1,0423E-08;0,50001881;-0,499938586;2,25E-10;-4,4E-11;2,72314E-07;5,9576E-08;0,50001881;-0,181314887;1,832E-09;-8,62E-10;7,0704E-08;1,7447E-08;0,50001881;-0,175303119;3,31E-10;-1,95E-10;7,6529E-08;2,0211E-08;0,39381091;-0,15325997;4,93E-10;-3,17E-10;2,0466E-07;4,2401E-08;0,411846214;-0,187326655;1,973E-09;-1,119E-09;1,3513E-08;1,1162E-08;0,50001881;-0,499938586;2,4E-10;-4,1E-11;1,99947E-07;4,4202E-08;0,441905053;-0,143240357;1,224E-09;-6,26E-10;1,90038E-07;3,3226E-08;0,50001881;-0,175303119;1,186E-09;-9,92E-10;1,06221E-07;3,8601E-08;0,50001881;-0,273495328;7,22E-10;-7,27E-10;1,63494E-07;3,4139E-08;0,50001881;-0,179310964;9,05E-10;-3,53E-10;1,76723E-07;2,8406E-08;0,50001881;-0,133220744;1,923E-09;-6,08E-10;1,8967E-07;4,2314E-08;0,50001881;-0,185322732;1,331E-09;-1,1E-09;1,2403E-08;1,0841E-08;-0,325597317;0,50001881;6,3E-11;-1,72E-10;1,2772E-08;1,0578E-08;-0,499938586;0,50001881;4,1E-11;-2,51E-10;2,46655E-07;3,9555E-08;0,50001881;-0,155263893;3,726E-09;-1,002E-09;9,3672E-08;2,3313E-08;0,50001881;-0,141236434;7,43E-10;-3,25E-10;2,50615E-07;5,3616E-08;0,50001881;-0,131216821;1,43E-09;-1,193E-09;1,277E-08;9,941E-09;0,373771684;-0,427797371;2,67E-10;-3,27E-10
11h42m11s,15m;2,7472E-07;5,7942E-08;0,46995997;-0,187326655;1,455E-09;-8,65E-10;1,27622E-07;3,0687E-08;0,50001881;-0,14524428;1,523E-09;-1,151E-09;1,3202E-08;1,1213E-08;0,50001881;-0,22940903;1,31E-10;-3,6E-11;2,35474E-07;5,0255E-08;0,50001881;-0,213377649;3,674E-09;-2,82E-09;6,867E-08;1,817E-08;0,50001881;-0,143240357;5,99E-10;-3,7E-10;7,0485E-08;1,7863E-08;0,50001881;-0,141236434;2,85E-10;-1,43E-10;1,98325E-07;3,8959E-08;0,471963893;-0,171295274;9,18E-10;-1,696E-09;1,2495E-08;1,1318E-08;-0,225401185;-0,495930741;6,4E-11;-3,8E-11;2,24936E-07;4,4388E-08;0,465952125;-0,171295274;7,48E-10;-2,323E-09;2,19167E-07;3,8854E-08;0,479979583;-0,167287429;8,79E-10;-1,274E-09;1,36139E-07;4,7024E-08;0,50001881;-0,265479638;5,54E-10;-4,54E-10;1,81335E-07;3,9432E-08;0,50001881;-0,171295274;6,09E-10;-4,12E-10;1,81932E-07;3,6497E-08;0,50001881;-0,143240357;6,95E-10;-4,2E-10;2,3902E-07;4,8696E-08;0,50001881;-0,155263893;1,524E-09;-6,01E-10;1,2366E-08;1,1144E-08;0,275579474;0,221473563;7,4E-11;-1,3E-10;1,299E-08;1,1226E-08;0,50001881;-0,329605162;2,36E-10;-6,2E-11;2,50559E-07;5,1573E-08;0,50001881;-0,157267815;9,9E-10;-6,15E-10;1,09437E-07;2,4848E-08;0,50001881;-0,133220744;6,9E-10;-4,33E-10;2,91786E-07;5,8409E-08;0,477975661;-0,131216821;1,852E-09;-2,82E-09;1,2714E-08;9,278E-09;0,425873672;-0,493926818;2,26E-10;-1,19E-10
11h42m18s,26m;2,81065E-07;5,2475E-08;0,445912898;-0,179310964;2,826E-09;-1,343E-09;1,06427E-07;3,2705E-08;0,50001881;-0,185322732;5,39E-10;-3,26E-10;1,2789E-08;1,1321E-08;0,471963893;-0,499938586;1,73E-10;-1,39E-10;2,2868E-07;5,2808E-08;0,467956048;-0,173299196;8,43E-10;-1,604E-09;6,2926E-08;1,75E-08;0,50001881;-0,147248202;3,34E-10;-2,41E-10;6,811E-08;1,8945E-08;0,50001881;-0,169291351;2,96E-10;-1,87E-10;2,30371E-07;3,9863E-08;0,50001881;-0,157267815;1,654E-09;-5,85E-10;1,2731E-08;1,139E-08;0,467956048;0,50001881;5,7E-11;-2,16E-10;1,79213E-07;3,8216E-08;0,50001881;-0,141236434;2,369E-09;-1,087E-09;1,8747E-07;3,2506E-08;0,50001881;-0,141236434;3,395E-09;-6,03E-10;1,13836E-07;3,9108E-08;0,379783451;-0,225401185;6,83E-10;-1,576E-09;1,31492E-07;3,6463E-08;0,463948202;-0,211373727;5,8E-10;-3,35E-10;1,39508E-07;2,9506E-08;0,50001881;-0,165283506;7,73E-10;-8,06E-10;1,6341E-07;4,3052E-08;0,463948202;-0,203358036;7,59E-10;-2,345E-09;1,253E-08;1,13E-08;0,465952125;-0,431805217;3,6E-11;-1,73E-10;1,2856E-08;1,1014E-08;-0,499938586;0,50001881;5,1E-11;-2,22E-10;2,27619E-07;5,1194E-08;0,481983506;-0,139232512;1,12E-09;-6,91E-10;9,3556E-08;2,3395E-08;0,475971738;-0,117189363;6,2E-10;-3,7E-10;3,13786E-07;5,128E-08;0,50001881;-0,123201131;2,784E-09;-1,129E-09;1,4197E-08;8,904E-09;0,50001881;-0,499938586;5,49E-10;-1,14E-10
11h42m25s,33m;2,62125E-07;5,7175E-08;0,471963893;-0,185322732;1,845E-09;-2,695E-09;1,36747E-07;3,2667E-08;0,463948202;-0,171295274;1,266E-09;-2,857E-09;1,2552E-08;1,0421E-08;0,121277431;-0,499938586;1,76E-10;-3,8E-11;2,82546E-07;5,6385E-08;0,433889363;-0,18331881;1,657E-09;-1,095E-09;8,6775E-08;1,9818E-08;0,471963893;-0,173299196;5,08E-10;-1,124E-09;8,4293E-08;2,1521E-08;0,50001881;-0,139232512;6,69E-10;-2,35E-10;2,72621E-07;4,5935E-08;0,50001881;-0,143240357;2,01E-09;-1,24E-09;1,2523E-08;1,1295E-08;0,46995997;0,419861904;5,6E-11;-1,97E-10;2,1901E-07;4,2609E-08;0,50001881;-0,161275661;5,548E-09;-1,333E-09;1,82883E-07;3,5116E-08;0,50001881;-0,149252125;1,557E-09;-8,97E-10;1,22597E-07;4,0897E-08;0,50001881;-0,233416876;1,556E-09;-5,96E-10;1,82603E-07;3,5673E-08;0,50001881;-0,159271738;2,071E-09;-1,041E-09;1,73878E-07;3,1997E-08;0,50001881;-0,139232512;1,802E-09;-5,99E-10;2,20909E-07;4,3445E-08;0,498014887;-0,14524428;1,587E-09;-8,22E-10;1,2517E-08;1,1311E-08;0,50001881;-0,499938586;1,93E-10;-5,7E-11;1,26E-08;1,0923E-08;0,227485331;-0,499938586;1,21E-10;-4,3E-11;2,50824E-07;4,2678E-08;0,429881517;-0,137228589;2,108E-09;-1,868E-09;9,2629E-08;2,2707E-08;0,427877595;-0,161275661;1,046E-09;-8,88E-10;2,53448E-07;4,8926E-08;0,50001881;-0,137228589;2,191E-09;-1,172E-09;1,289E-08;8,931E-09;-0,499938586;-0,467875824;1,51E-10;-6,2E-10
11h42m32s,38m;2,38669E-07;5,3938E-08;0,455932512;-0,127208976;1,009E-09;-2,274E-09;1,10167E-07;3,1661E-08;0,277583397;-0,149252125;1,137E-09;-9,16E-10;1,2276E-08;1,0775E-08;-0,227405108;-0,499938586;7,6E-11;-3,9E-11;2,20612E-07;4,6281E-08;0,50001881;-0,171295274;4,446E-09;-1,073E-09;6,1292E-08;1,735E-08;0,471963893;-0,177307042;3,12E-10;-6,91E-10;7,7274E-08;1,922E-08;0,485991351;-0,14524428;4,14E-10;-4,95E-10;2,45611E-07;4,2743E-08;0,465952125;-0,143240357;1,277E-09;-3,059E-09;1,3202E-08;1,121E-08;0,50001881;-0,127208976;1,74E-10;-6,3E-11;2,6261E-07;3,8429E-08;0,50001881;-0,141236434;6,659E-09;-1,114E-09;2,23786E-07;3,638E-08;0,50001881;-0,139232512;3,686E-09;-1,163E-09;1,40598E-07;4,3141E-08;0,50001881;-0,161275661;2,334E-09;-6,31E-10;2,17291E-07;3,6884E-08;0,50001881;-0,15325997;4,429E-09;-1,926E-09;1,44065E-07;3,2594E-08;0,46194428;-0,147248202;6,33E-10;-8,03E-10;1,83733E-07;4,3286E-08;0,459940357;-0,137228589;1,314E-09;-2,01E-09;1,2537E-08;1,1179E-08;0,475971738;-0,423789526;1,53E-10;-1,08E-10;1,2646E-08;1,0692E-08;-0,467875824;-0,499938586;2,78E-10;-5,3E-11;2,56567E-07;4,9333E-08;0,485991351;-0,135224666;2,308E-09;-2,094E-09;8,4801E-08;2,2635E-08;0,485991351;-0,113181517;5,72E-10;-9,46E-10;2,63205E-07;5,1523E-08;0,50001881;-0,125205053;1,29E-09;-4,214E-09;1,3388E-08;9,225E-09;0,465952125;0,50001881;1,22E-10;-6,01E-10
11h42m39s,48m;2,72142E-07;6,1976E-08;0,465952125;-0,181314887;1,95E-09;-6,055E-09;1,30858E-07;3,2092E-08;0,50001881;-0,133220744;3,709E-09;-5,15E-10;1,2587E-08;1,068E-08;0,423869749;-0,499938586;1,53E-10;-6,2E-11;2,41073E-07;5,2205E-08;0,50001881;-0,149252125;1,079E-09;-1,26E-09;7,2129E-08;1,7865E-08;0,477975661;-0,179310964;4,79E-10;-6,66E-10;7,5866E-08;1,9082E-08;0,50001881;-0,127208976;9,01E-10;-2,12E-10;2,16838E-07;3,9842E-08;0,433889363;-0,143240357;1,483E-09;-9,58E-10;1,2756E-08;1,0894E-08;0,50001881;-0,499938586;1,87E-10;-3,8E-11;1,75504E-07;3,8247E-08;0,50001881;-0,157267815;1,092E-09;-6,39E-10;1,88857E-07;3,5143E-08;0,50001881;-0,14524428;2,11E-09;-7,76E-10;1,08021E-07;3,788E-08;0,50001881;-0,181314887;7,5E-10;-6,83E-10;1,45509E-07;3,4112E-08;0,377779529;-0,161275661;8,98E-10;-5,16E-10;1,44645E-07;3,0686E-08;0,477975661;-0,133220744;9,75E-10;-1,314E-09;1,72701E-07;4,1309E-08;0,471963893;-0,141236434;7,05E-10;-1,443E-09;1,2387E-08;1,1283E-08;0,477975661;0,223477486;5,4E-11;-8,4E-11;1,2581E-08;1,1272E-08;0,492003119;0,321669695;6,9E-11;-5E-11;2,13596E-07;4,4672E-08;0,479979583;-0,133220744;1,039E-09;-4,69E-10;8,7231E-08;2,366E-08;0,50001881;-0,125205053;1,387E-09;-2,11E-10;2,45114E-07;4,9701E-08;0,465952125;-0,101157981;1,129E-09;-4,054E-09;1,3665E-08;9,461E-09;-0,499938586;-0,465871901;9,6E-11;-5,8E-10
11h42m46s,60m;3,71773E-07;5,6997E-08;0,50001881;-0,163279583;1,081E-08;-1,202E-09;1,21896E-07;3,1541E-08;0,50001881;-0,175303119;8,8E-10;-2,51E-10;1,2634E-08;1,0964E-08;-0,32760124;-0,489918973;8,9E-11;-6,7E-11;2,71356E-07;6,2345E-08;0,437897208;-0,175303119;1,602E-09;-8,06E-10;7,9709E-08;1,8951E-08;0,471963893;-0,173299196;5,39E-10;-1,246E-09;7,8095E-08;2,0374E-08;0,50001881;-0,131216821;7,16E-10;-2,87E-10;2,30984E-07;4,3824E-08;0,483987429;-0,149252125;9,19E-10;-2,448E-09;1,2533E-08;1,1342E-08;0,50001881;-0,477895437;1,36E-10;-9,2E-11;2,23527E-07;4,3416E-08;0,50001881;-0,223397262;3,095E-09;-1,45E-09;2,20143E-07;3,5165E-08;0,485991351;-0,157267815;2,348E-09;-2,452E-09;1,48845E-07;4,3524E-08;0,50001881;-0,22940903;1,426E-09;-7,23E-10;1,79843E-07;3,8884E-08;0,50001881;-0,159271738;1,235E-09;-4,66E-10;1,73046E-07;3,4998E-08;0,50001881;-0,137228589;8,37E-10;-4,65E-10;2,22782E-07;4,7904E-08;0,481983506;-0,169291351;1,282E-09;-1,33E-09;1,3442E-08;9,865E-09;-0,499938586;0,50001881;3,9E-11;-3,11E-10;1,3222E-08;1,1171E-08;0,471963893;0,421865827;1,03E-10;-3,04E-10;2,66463E-07;5,5262E-08;0,50001881;-0,133220744;1,02E-09;-6,96E-10;1,03733E-07;2,4956E-08;0,457936434;-0,097150136;6,64E-10;-2,67E-10;3,02082E-07;5,7464E-08;0,46995997;-0,131216821;2,27E-09;-4,378E-09;1,3077E-08;1,0231E-08;0,46995997;0,323673618;1,61E-10;-4,53E-10
11h42m53s,68m;3,23608E-07;6,6331E-08;0,50001881;-0,147248202;1,836E-09;-9,85E-10;1,24869E-07;4,0884E-08;0,46194428;-0,22139334;6,14E-10;-4,02E-10;1,3616E-08;1,0951E-08;-0,499938586;-0,467875824;7,2E-11;-3,9E-10;2,99397E-07;6,8619E-08;0,50001881;-0,14524428;1,924E-09;-1,718E-09;9,3047E-08;2,0771E-08;0,50001881;-0,207365881;1,413E-09;-2,67E-10;1,0066E-07;2,1014E-08;0,50001881;-0,159271738;6,5E-10;-5,79E-10;2,72702E-07;5,0241E-08;0,489999197;-0,161275661;1,419E-09;-2,225E-09;1,2991E-08;1,1235E-08;-0,499938586;0,50001881;2,9E-11;-1,77E-10;2,46729E-07;5,0378E-08;0,50001881;-0,18331881;1,31E-09;-7,45E-10;2,38204E-07;4,2249E-08;0,50001881;-0,147248202;1,062E-09;-6,8E-10;1,62663E-07;4,8172E-08;0,467956048;-0,199350191;7,47E-10;-1,615E-09;2,10568E-07;4,3436E-08;0,50001881;-0,171295274;2,812E-09;-5,87E-10;1,78099E-07;3,7531E-08;0,479979583;-0,131216821;7,62E-10;-4,89E-10;2,56037E-07;4,9585E-08;0,485991351;-0,171295274;1,377E-09;-1,083E-09;1,4113E-08;9,95E-09;-0,499938586;0,50001881;4,4E-11;-3,95E-10;1,3081E-08;1,1075E-08;0,467956048;0,32567754;8,5E-11;-3,15E-10;2,72419E-07;5,4489E-08;0,483987429;-0,133220744;1,389E-09;-7,6E-10;1,18412E-07;2,5054E-08;0,50001881;-0,129212898;5,54E-10;-3,01E-10;3,15166E-07;6,4913E-08;0,453928589;-0,131216821;1,548E-09;-8,88E-10;1,2648E-08;8,697E-09;0,423869749;-0,473887592;2,13E-10;-5,08E-10
11h43m00s,78m;3,22851E-07;6,5782E-08;0,381787374;-0,171295274;2,48E-09;-3,621E-09;1,33023E-07;3,7578E-08;0,50001881;-0,155263893;1,468E-09;-3,69E-10;1,2731E-08;1,0991E-08;-0,425793449;-0,473887592;9,4E-11;-2,43E-10;3,36365E-07;6,8443E-08;0,50001881;-0,169291351;1,292E-09;-8,23E-10;8,3312E-08;2,0488E-08;0,50001881;-0,169291351;3,93E-10;-2,41E-10;9,9353E-08;2,1568E-08;0,471963893;-0,133220744;6,74E-10;-1,522E-09;2,62552E-07;5,0293E-08;0,50001881;-0,155263893;1,325E-09;-7,38E-10;1,2641E-08;1,1167E-08;0,025089145;-0,499938586;1,33E-10;-4,4E-11;2,26711E-07;4,7061E-08;0,483987429;-0,147248202;1,121E-09;-9,41E-10;2,16413E-07;4,0264E-08;0,492003119;-0,159271738;9,19E-10;-1,206E-09;1,31234E-07;4,6881E-08;0,483987429;-0,223397262;4,45E-10;-4,29E-10;1,82311E-07;3,9788E-08;0,475971738;-0,163279583;1,146E-09;-1,447E-09;1,79246E-07;3,3621E-08;0,50001881;-0,135224666;2,975E-09;-1,018E-09;2,2807E-07;4,6075E-08;0,50001881;-0,143240357;9,24E-10;-5,75E-10;1,2395E-08;1,1067E-08;-0,227405108;-0,477895437;6,6E-11;-1,07E-10;1,2675E-08;1,1029E-08;-0,423789526;-0,481903283;8,9E-11;-1,07E-10;2,77173E-07;5,3995E-08;0,477975661;-0,163279583;1,837E-09;-2,75E-09;1,07252E-07;2,5311E-08;0,483987429;-0,121197208;6,01E-10;-3E-10;3,23769E-07;5,7156E-08;0,50001881;-0,127208976;3,64E-09;-1,018E-09;1,2901E-08;8,028E-09;0,50001881;-0,499938586;4,55E-10;-1,3E-10
11h43m07s,87m;3,26594E-07;5,8488E-08;0,50001881;-0,173299196;2,555E-09;-1,129E-09;1,31749E-07;3,8421E-08;0,481983506;-0,167287429;5,98E-10;-7,42E-10;1,2842E-08;1,0855E-08;-0,499938586;0,50001881;4,5E-11;-2,46E-10;2,6866E-07;7,1761E-08;0,46194428;-0,155263893;9,4E-10;-1,534E-09;8,2795E-08;2,0051E-08;0,50001881;-0,143240357;1,251E-09;-2,95E-10;1,01373E-07;2,2606E-08;0,50001881;-0,157267815;8,75E-10;-2,15E-10;2,77541E-07;5,1267E-08;0,46995997;-0,155263893;1,144E-09;-2,693E-09;1,34E-08;1,1409E-08;0,50001881;-0,499938586;2,21E-10;-6,2E-11;2,35236E-07;4,4991E-08;0,50001881;-0,15325997;2,908E-09;-6,2E-10;2,31664E-07;3,7665E-08;0,50001881;-0,169291351;1,594E-09;-5,75E-10;1,37722E-07;4,9683E-08;0,50001881;-0,187326655;1,671E-09;-8,23E-10;1,90712E-07;4,0895E-08;0,471963893;-0,147248202;8,21E-10;-1,092E-09;1,99574E-07;3,8743E-08;0,473967815;-0,139232512;1,059E-09;-1,846E-09;2,34103E-07;5,0688E-08;0,50001881;-0,147248202;1,232E-09;-6,28E-10;1,2559E-08;1,0928E-08;0,225481408;-0,499938586;9,3E-11;-3,7E-11;1,2701E-08;1,1348E-08;-0,121197208;-0,277503174;1,05E-10;-1,79E-10;2,86314E-07;5,7565E-08;0,50001881;-0,143240357;1,114E-09;-8,4E-10;1,06106E-07;2,7203E-08;0,467956048;-0,101157981;4,51E-10;-1,294E-09;3,24195E-07;6,1834E-08;0,50001881;-0,147248202;2,214E-09;-1,061E-09;1,4168E-08;8,459E-09;0,50001881;-0,499938586;6,36E-10;-1,29E-10
11h43m14s,94m;3,25086E-07;6,8588E-08;0,483987429;-0,167287429;1,642E-09;-1,511E-09;1,34816E-07;3,6903E-08;0,471963893;-0,14524428;6,71E-10;-5,34E-10;1,3446E-08;1,0909E-08;-0,499938586;0,50001881;2,5E-11;-2,43E-10;2,84685E-07;6,5377E-08;0,50001881;-0,185322732;1,296E-09;-2,499E-09;8,1671E-08;2,1097E-08;0,498014887;-0,171295274;4,46E-10;-2,24E-10;9,8945E-08;2,1588E-08;0,50001881;-0,137228589;1,283E-09;-2,2E-10;2,68899E-07;5,1648E-08;0,487995274;-0,14524428;1,82E-09;-1,393E-09;1,2805E-08;1,107E-08;0,50001881;-0,499938586;1,78E-10;-5E-11;2,12939E-07;4,2804E-08;0,50001881;-0,167287429;1,525E-09;-4,18E-10;2,04808E-07;3,7882E-08;0,50001881;-0,163279583;8,29E-10;-9,65E-10;1,29486E-07;4,6302E-08;0,483987429;-0,231412953;6,22E-10;-5,85E-10;1,77616E-07;3,6421E-08;0,50001881;-0,139232512;1,428E-09;-3,86E-10;1,68009E-07;3,3694E-08;0,50001881;-0,137228589;5,36E-10;-7,62E-10;2,17624E-07;4,5257E-08;0,50001881;-0,165283506;9,41E-10;-5,22E-10;1,2519E-08;1,1205E-08;0,423869749;-0,375695383;1,06E-10;-8,3E-11;1,3353E-08;1,0392E-08;-0,499938586;0,50001881;4,2E-11;-2,84E-10;2,57054E-07;5,4012E-08;0,50001881;-0,15325997;1,196E-09;-5,74E-10;1,00805E-07;2,4817E-08;0,50001881;-0,121197208;4,05E-10;-4,99E-10;2,98657E-07;6,0144E-08;0,473967815;-0,123201131;1,277E-09;-2,691E-09;1,2909E-08;9,17E-09;0,425873672;-0,499938586;3,13E-10;-1,12E-10
11h43m21s,98m;3,19635E-07;6,4418E-08;0,50001881;-0,165283506;3,402E-09;-1,18E-09;1,36623E-07;3,7942E-08;0,50001881;-0,171295274;5,53E-10;-2,93E-10;1,307E-08;1,1017E-08;0,50001881;-0,425793449;2,15E-10;-8E-11;3,23039E-07;6,7879E-08;0,50001881;-0,163279583;1,323E-09;-1,325E-09;8,1401E-08;2,0405E-08;0,435893285;-0,143240357;3,85E-10;-2,24E-10;9,3183E-08;2,2108E-08;0,50001881;-0,159271738;8,53E-10;-2,42E-10;2,68267E-07;4,6926E-08;0,483987429;-0,159271738;1,274E-09;-1,266E-09;1,294E-08;1,1441E-08;0,467956048;0,123281354;5,7E-11;-2,3E-10;2,4691E-07;4,6028E-08;0,50001881;-0,135224666;1,082E-09;-6,76E-10;2,25244E-07;3,9705E-08;0,50001881;-0,15325997;1,074E-09;-6,29E-10;1,40611E-07;4,9869E-08;0,389803065;-0,185322732;7,67E-10;-3,63E-10;1,8527E-07;3,9369E-08;0,473967815;-0,163279583;6,87E-10;-6,66E-10;1,79482E-07;3,6608E-08;0,46995997;-0,14524428;9,91E-10;-2,769E-09;2,41685E-07;4,9439E-08;0,50001881;-0,155263893;2,289E-09;-5,49E-10;1,2542E-08;1,0177E-08;0,421865827;-0,499938586;2,26E-10;-6,3E-11;1,2584E-08;1,1223E-08;-0,325597317;0,375775606;6E-11;-1,2E-10;2,64459E-07;5,607E-08;0,483987429;-0,151256047;1,068E-09;-1,838E-09;1,08935E-07;2,6265E-08;0,467956048;-0,129212898;5,32E-10;-7,57E-10;3,40406E-07;6,0037E-08;0,50001881;-0,135224666;3,787E-09;-7,65E-10;1,4579E-08;8,556E-09;0,50001881;-0,499938586;5,77E-10;-1,04E-10
Number of Devices Configurations: 20;;;;;;;;;;;;;;;;;;;;;;;;;;;;;;;;;;;;;;;;;;;;;;;;;;;;;;;;;;;;;;;;;;;;;;;;;;;;;;;;;;;;;;;;;;;;;;;;;;;;;;;;;;;;;;;;;;;;;;;;
Fixed Source: Voltage Source 2;;;;;;;;;;;;;;;;;;;;;;;;;;;;;;;;;;;;;;;;;;;;;;;;;;;;;;;;;;;;;;;;;;;;;;;;;;;;;;;;;;;;;;;;;;;;;;;;;;;;;;;;;;;;;;;;;;;;;;;;
Fixed Source Value: 0,010000741406000;;;;;;;;;;;;;;;;;;;;;;;;;;;;;;;;;;;;;;;;;;;;;;;;;;;;;;;;;;;;;;;;;;;;;;;;;;;;;;;;;;;;;;;;;;;;;;;;;;;;;;;;;;;;;;;;;;;;;;;;
Variable Source: Voltage Source 1;;;;;;;;;;;;;;;;;;;;;;;;;;;;;;;;;;;;;;;;;;;;;;;;;;;;;;;;;;;;;;;;;;;;;;;;;;;;;;;;;;;;;;;;;;;;;;;;;;;;;;;;;;;;;;;;;;;;;;;;
Variable Source Sweep from -0,499987228760000  To 0,499971596776001 With 500 Steps;;;;;;;;;;;;;;;;;;;;;;;;;;;;;;;;;;;;;;;;;;;;;;;;;;;;;;;;;;;;;;;;;;;;;;;;;;;;;;;;;;;;;;;;;;;;;;;;;;;;;;;;;;;;;;;;;;;;;;;;
Display Measurement: ;;;;;;;;;;;;;;;;;;;;;;;;;;;;;;;;;;;;;;;;;;;;;;;;;;;;;;;;;;;;;;;;;;;;;;;;;;;;;;;;;;;;;;;;;;;;;;;;;;;;;;;;;;;;;;;;;;;;;;;;
ADC Gain: 10;;;;;;;;;;;;;;;;;;;;;;;;;;;;;;;;;;;;;;;;;;;;;;;;;;;;;;;;;;;;;;;;;;;;;;;;;;;;;;;;;;;;;;;;;;;;;;;;;;;;;;;;;;;;;;;;;;;;;;;;
Sense Resistor 1: 100;;;;;;;;;;;;;;;;;;;;;;;;;;;;;;;;;;;;;;;;;;;;;;;;;;;;;;;;;;;;;;;;;;;;;;;;;;;;;;;;;;;;;;;;;;;;;;;;;;;;;;;;;;;;;;;;;;;;;;;;
Sense Resistor 2: 998;;;;;;;;;;;;;;;;;;;;;;;;;;;;;;;;;;;;;;;;;;;;;;;;;;;;;;;;;;;;;;;;;;;;;;;;;;;;;;;;;;;;;;;;;;;;;;;;;;;;;;;;;;;;;;;;;;;;;;;;
Time to Wait After Each Sweep (ms): 1000;;;;;;;;;;;;;;;;;;;;;;;;;;;;;;;;;;;;;;;;;;;;;;;;;;;;;;;;;;;;;;;;;;;;;;;;;;;;;;;;;;;;;;;;;;;;;;;;;;;;;;;;;;;;;;;;;;;;;;;;
Delay after each Step inside sweep (us): 200;;;;;;;;;;;;;;;;;;;;;;;;;;;;;;;;;;;;;;;;;;;;;;;;;;;;;;;;;;;;;;;;;;;;;;;;;;;;;;;;;;;;;;;;;;;;;;;;;;;;;;;;;;;;;;;;;;;;;;;;
Number of ADC readings at each setpoint (for averages):  2;;;;;;;;;;;;;;;;;;;;;;;;;;;;;;;;;;;;;;;;;;;;;;;;;;;;;;;;;;;;;;;;;;;;;;;;;;;;;;;;;;;;;;;;;;;;;;;;;;;;;;;;;;;;;;;;;;;;;;;;
forward and backward sweep: FALSE;;;;;;;;;;;;;;;;;;;;;;;;;;;;;;;;;;;;;;;;;;;;;;;;;;;;;;;;;;;;;;;;;;;;;;;;;;;;;;;;;;;;;;;;;;;;;;;;;;;;;;;;;;;;;;;;;;;;;;;;
;;;;;;;;;;;;;;;;;;;;;;;;;;;;;;;;;;;;;;;;;;;;;;;;;;;;;;;;;;;;;;;;;;;;;;;;;;;;;;;;;;;;;;;;;;;;;;;;;;;;;;;;;;;;;;;;;;;;;;;;
Start Time: 2025-04-14_12h05m04s,80m;;;;;;;;;;;;;;;;;;;;;;;;;;;;;;;;;;;;;;;;;;;;;;;;;;;;;;;;;;;;;;;;;;;;;;;;;;;;;;;;;;;;;;;;;;;;;;;;;;;;;;;;;;;;;;;;;;;;;;;;
TimeStamp;dev1 Max Value;dev1 Min Value;dev1X Max Value;dev1X Min Value;dev1 Max Slope;dev1 Min Slope;dev2 Max Value;dev2 Min Value;dev2X Max Value;dev2X Min Value;dev2 Max Slope;dev2 Min Slope;dev3 Max Value;dev3 Min Value;dev3X Max Value;dev3X Min Value;dev3 Max Slope;dev3 Min Slope;dev4 Max Value;dev4 Min Value;dev4X Max Value;dev4X Min Value;dev4 Max Slope;dev4 Min Slope;dev5 Max Value;dev5 Min Value;dev5X Max Value;dev5X Min Value;dev5 Max Slope;dev5 Min Slope;dev6 Max Value;dev6 Min Value;dev6X Max Value;dev6X Min Value;dev6 Max Slope;dev6 Min Slope;dev7 Max Value;dev7 Min Value;dev7X Max Value;dev7X Min Value;dev7 Max Slope;dev7 Min Slope;dev8 Max Value;dev8 Min Value;dev8X Max Value;dev8X Min Value;dev8 Max Slope;dev8 Min Slope;dev9 Max Value;dev9 Min Value;dev9X Max Value;dev9X Min Value;dev9 Max Slope;dev9 Min Slope;dev10 Max Value;dev10 Min Value;dev10X Max Value;dev10X Min Value;dev10 Max Slope;dev10 Min Slope;dev11 Max Value;dev11 Min Value;dev11X Max Value;dev11X Min Value;dev11 Max Slope;dev11 Min Slope;dev12 Max Value;dev12 Min Value;dev12X Max Value;dev12X Min Value;dev12 Max Slope;dev12 Min Slope;dev13 Max Value;dev13 Min Value;dev13X Max Value;dev13X Min Value;dev13 Max Slope;dev13 Min Slope;dev14 Max Value;dev14 Min Value;dev14X Max Value;dev14X Min Value;dev14 Max Slope;dev14 Min Slope;dev15 Max Value;dev15 Min Value;dev15X Max Value;dev15X Min Value;dev15 Max Slope;dev15 Min Slope;dev16 Max Value;dev16 Min Value;dev16X Max Value;dev16X Min Value;dev16 Max Slope;dev16 Min Slope;dev17 Max Value;dev17 Min Value;dev17X Max Value;dev17X Min Value;dev17 Max Slope;dev17 Min Slope;Dev 18 Max Value;Dev 18 Min Value;Dev 18X Max Value;Dev 18X Min Value;Dev 18 Max Slope;Dev 18 Min Slope;Dev 19 Max Value;Dev 19 Min Value;Dev 19X Max Value;Dev 19X Min Value;Dev 19 Max Slope;Dev 19 Min Slope;Dev 20 Max Value;Dev 20 Min Value;Dev 20X Max Value;Dev 20X Min Value;Dev 20 Max Slope;Dev 20 Min Slope
12h05m10s,62m;3,08522E-06;7,57231E-07;0,499971597;0,059107986;1,3808E-08;-1,0752E-08;1,23234E-06;3,32546E-07;-0,499987229;0,077143316;4,61E-09;-3,617E-09;3,63579E-06;8,44096E-07;-0,499987229;0,079147241;1,4249E-08;-1,3104E-08;3,76255E-06;8,51015E-07;-0,499987229;0,085159018;1,4677E-08;-1,3544E-08;3,745E-06;8,4813E-07;-0,499987229;0,087162943;1,4579E-08;-1,3394E-08;6,42251E-07;1,42449E-07;-0,487963676;0,105198273;2,92E-09;-2,254E-09;2,73811E-06;5,63345E-07;-0,499987229;0,113213975;1,0789E-08;-9,195E-09;1,1138E-08;9,324E-09;0,499971597;-0,499987229;2,19E-10;-2,7E-11;1,98324E-06;4,91653E-07;-0,491971527;0,099186496;8,008E-09;-6,767E-09;2,16481E-06;3,78987E-07;-0,499987229;0,1152179;8,702E-09;-7,167E-09;1,21449E-06;4,499E-07;0,499971597;0,021033402;3,982E-09;-2,952E-09;1,65068E-06;3,83877E-07;-0,499987229;0,083155092;6,525E-09;-4,972E-09;1,57839E-06;3,44735E-07;-0,499987229;0,085159018;6,8E-09;-5,299E-09;1,74555E-06;4,39508E-07;-0,499987229;0,061111912;7,245E-09;-5,754E-09;8,667E-09;6,306E-09;0,375728216;-0,499987229;2,59E-10;-2,5E-11;1,0414E-08;9,105E-09;0,473920565;-0,329653561;1,48E-10;-1,22E-10;2,37119E-06;6,08964E-07;0,499971597;0,049088359;9,455E-09;-7,931E-09;9,5813E-07;2,08917E-07;-0,499987229;0,073135465;3,762E-09;-3,187E-09;2,70171E-06;6,84608E-07;-0,499987229;0,061111912;1,0395E-08;-9,165E-09;9,228E-09;5,848E-09;0,465904863;-0,499987229;3,37E-10;-3,91E-10
12h05m17s,73m;3,06664E-06;7,58279E-07;0,499971597;0,063115837;1,3849E-08;-1,0815E-08;1,2409E-06;3,31632E-07;-0,499987229;0,081151167;4,62E-09;-3,686E-09;3,66369E-06;8,47395E-07;-0,499987229;0,083155092;1,4299E-08;-1,3222E-08;3,77248E-06;8,52017E-07;-0,499987229;0,087162943;1,4656E-08;-1,3546E-08;3,8034E-06;8,50627E-07;-0,499987229;0,091170794;1,4514E-08;-1,3481E-08;6,46637E-07;1,43163E-07;-0,487963676;0,107202198;2,909E-09;-2,242E-09;2,77253E-06;5,64611E-07;-0,499987229;0,1152179;1,0747E-08;-9,3E-09;1,051E-08;8,999E-09;0,375728216;-0,499987229;2E-10;-4E-11;2,00078E-06;4,91955E-07;-0,493975452;0,103194347;7,736E-09;-6,749E-09;2,17495E-06;3,77722E-07;-0,499987229;0,119225751;8,705E-09;-7,152E-09;1,21335E-06;4,49484E-07;0,499971597;0,0130177;3,849E-09;-2,881E-09;1,63871E-06;3,84431E-07;-0,499987229;0,083155092;6,547E-09;-4,974E-09;1,59451E-06;3,43437E-07;-0,499987229;0,089166869;6,407E-09;-5,217E-09;1,703E-06;4,34866E-07;-0,499987229;0,057104061;7,193E-09;-5,684E-09;9,031E-09;7,292E-09;0,37372429;0,499971597;2,05E-10;-2,26E-10;1,033E-08;8,827E-09;0,461897012;0,499971597;2,7E-11;-1,77E-10;2,41194E-06;6,07176E-07;-0,499987229;0,061111912;9,488E-09;-7,876E-09;9,66472E-07;2,12711E-07;-0,499987229;0,083155092;3,704E-09;-3,199E-09;2,72077E-06;6,83413E-07;-0,499987229;0,069127614;1,0757E-08;-9,079E-09;9,052E-09;7,119E-09;0,079147241;-0,465920495;3,2E-11;-5,9E-11
12h05m24s,88m;3,06196E-06;7,60933E-07;0,499971597;0,061111912;1,3735E-08;-1,0826E-08;1,24009E-06;3,31913E-07;-0,499987229;0,081151167;4,582E-09;-3,672E-09;3,6866E-06;8,47979E-07;-0,499987229;0,083155092;1,4177E-08;-1,3235E-08;3,79511E-06;8,55083E-07;-0,499987229;0,087162943;1,4527E-08;-1,3581E-08;3,79197E-06;8,529E-07;-0,499987229;0,091170794;1,4405E-08;-1,3541E-08;6,53011E-07;1,43314E-07;-0,491971527;0,109206124;2,905E-09;-2,292E-09;2,78133E-06;5,7583E-07;-0,499987229;0,1152179;1,0575E-08;-9,213E-09;1,0261E-08;8,516E-09;-0,157315968;-0,499987229;1,05E-10;-3E-11;1,994E-06;4,90554E-07;-0,491971527;0,103194347;7,667E-09;-6,736E-09;2,18513E-06;3,78731E-07;-0,499987229;0,119225751;8,711E-09;-7,225E-09;1,21542E-06;4,48194E-07;0,499971597;0,011013774;3,838E-09;-2,857E-09;1,63612E-06;3,82918E-07;-0,499987229;0,079147241;6,456E-09;-4,94E-09;1,57442E-06;3,42182E-07;-0,499987229;0,087162943;6,87E-09;-5,299E-09;1,731E-06;4,36114E-07;-0,499987229;0,059107986;7,108E-09;-5,57E-09;9,011E-09;7,023E-09;0,499971597;-0,473936197;1,24E-10;-1,89E-10;1,0348E-08;8,983E-09;0,499971597;0,177339591;1,72E-10;-9,6E-11;2,42256E-06;6,05811E-07;-0,499987229;0,065119763;9,512E-09;-8,012E-09;9,75908E-07;2,08637E-07;-0,499987229;0,087162943;3,719E-09;-3,251E-09;2,75157E-06;6,81449E-07;-0,499987229;0,073135465;1,0362E-08;-9,117E-09;9,016E-09;5,593E-09;0,123233602;-0,499987229;2E-10;-5,5E-11
12h05m32s,04m;3,06103E-06;7,6043E-07;0,499971597;0,061111912;1,3767E-08;-1,0848E-08;1,24365E-06;3,32512E-07;-0,499987229;0,081151167;4,561E-09;-3,65E-09;3,66499E-06;8,49167E-07;-0,499987229;0,083155092;1,4098E-08;-1,3211E-08;3,787E-06;8,55669E-07;-0,499987229;0,087162943;1,4381E-08;-1,3508E-08;3,81064E-06;8,55307E-07;-0,499987229;0,091170794;1,4318E-08;-1,3499E-08;6,52943E-07;1,42595E-07;-0,491971527;0,109206124;2,883E-09;-2,269E-09;2,81336E-06;5,79503E-07;-0,499987229;0,117221826;1,0619E-08;-9,213E-09;1,0427E-08;9,071E-09;-0,469928346;0,499971597;1,49E-10;-1,52E-10;2,00275E-06;4,8966E-07;-0,497983303;0,105198273;7,611E-09;-6,782E-09;2,19485E-06;3,76985E-07;-0,499987229;0,121229677;8,846E-09;-7,206E-09;1,21209E-06;4,48911E-07;0,499971597;0,011013774;3,688E-09;-3,065E-09;1,64219E-06;3,83821E-07;-0,499987229;0,079147241;6,494E-09;-4,938E-09;1,6038E-06;3,42465E-07;-0,499987229;0,087162943;6,495E-09;-5,426E-09;1,71386E-06;4,2899E-07;-0,499987229;0,059107986;7,043E-09;-5,88E-09;8,759E-09;6,786E-09;0,421818502;-0,471932272;1,49E-10;-1,88E-10;1,0445E-08;8,978E-09;-0,499987229;-0,46391657;7,9E-11;-1,93E-10;2,44669E-06;6,06989E-07;-0,499987229;0,069127614;9,467E-09;-7,995E-09;9,80556E-07;2,10008E-07;-0,499987229;0,095178645;3,73E-09;-3,321E-09;2,75607E-06;6,81978E-07;-0,499987229;0,07513939;1,0486E-08;-9,239E-09;9,034E-09;6,267E-09;0,177339591;0,499971597;1,09E-10;-2,75E-10
12h05m39s,19m;3,05724E-06;7,60189E-07;0,499971597;0,061111912;1,3626E-08;-1,086E-08;1,24822E-06;3,32178E-07;-0,499987229;0,081151167;4,586E-09;-3,685E-09;3,69278E-06;8,48592E-07;-0,499987229;0,083155092;1,407E-08;-1,3168E-08;3,79439E-06;8,55787E-07;-0,499987229;0,087162943;1,4447E-08;-1,3568E-08;3,76735E-06;8,5433E-07;-0,499987229;0,091170794;1,4361E-08;-1,3482E-08;6,54039E-07;1,42597E-07;-0,491971527;0,109206124;2,882E-09;-2,297E-09;2,80937E-06;5,76145E-07;-0,499987229;0,113213975;1,0701E-08;-9,371E-09;1,0615E-08;8,745E-09;0,127241453;-0,499987229;8,7E-11;-4,4E-11;2,0148E-06;4,90691E-07;-0,497983303;0,105198273;7,602E-09;-6,789E-09;2,19694E-06;3,78291E-07;-0,499987229;0,121229677;8,73E-09;-7,186E-09;1,20792E-06;4,49498E-07;0,499971597;0,009009849;3,727E-09;-2,89E-09;1,63821E-06;3,83576E-07;-0,499987229;0,079147241;6,405E-09;-4,982E-09;1,60144E-06;3,4214E-07;-0,499987229;0,087162943;6,941E-09;-5,422E-09;1,73162E-06;4,38347E-07;-0,499987229;0,055100135;6,923E-09;-5,801E-09;9,301E-09;6,061E-09;0,499971597;-0,499987229;2,5E-10;-2,5E-11;1,0318E-08;8,577E-09;-0,175351297;-0,499987229;1,75E-10;-3,1E-11;2,44837E-06;6,04871E-07;-0,499987229;0,071131539;9,449E-09;-7,996E-09;9,84252E-07;2,13235E-07;-0,499987229;0,09317472;4,083E-09;-3,259E-09;2,81155E-06;6,83585E-07;-0,499987229;0,077143316;1,033E-08;-9,293E-09;9,622E-09;5,288E-09;0,473920565;-0,499987229;4,75E-10;-2,99E-10
12h05m46s,37m;3,06917E-06;7,60914E-07;-0,499987229;0,063115837;1,3659E-08;-1,0862E-08;1,24765E-06;3,32751E-07;-0,499987229;0,083155092;4,557E-09;-3,701E-09;3,67097E-06;8,49728E-07;-0,499987229;0,085159018;1,4035E-08;-1,3196E-08;3,81861E-06;8,5678E-07;-0,499987229;0,089166869;1,441E-08;-1,3656E-08;3,8126E-06;8,54997E-07;-0,499987229;0,091170794;1,4255E-08;-1,3536E-08;6,53888E-07;1,42924E-07;-0,487963676;0,109206124;2,914E-09;-2,307E-09;2,81261E-06;5,80626E-07;-0,499987229;0,117221826;1,056E-08;-9,478E-09;1,1051E-08;9,1E-09;0,499971597;-0,499987229;1,04E-10;-2E-11;2,01596E-06;4,90043E-07;-0,495979378;0,105198273;7,676E-09;-6,771E-09;2,19975E-06;3,77704E-07;-0,499987229;0,123233602;8,663E-09;-7,233E-09;1,19969E-06;4,50024E-07;0,499971597;0,011013774;3,714E-09;-2,831E-09;1,64035E-06;3,83466E-07;-0,499987229;0,081151167;6,469E-09;-4,958E-09;1,59884E-06;3,42059E-07;-0,499987229;0,087162943;6,561E-09;-5,364E-09;1,72996E-06;4,28942E-07;-0,499987229;0,061111912;6,947E-09;-5,89E-09;9,537E-09;6,681E-09;0,499971597;-0,499987229;1,47E-10;-3,4E-11;1,0512E-08;8,395E-09;-0,175351297;-0,499987229;2,66E-10;-3,5E-11;2,48689E-06;6,07427E-07;-0,499987229;0,073135465;9,475E-09;-8,094E-09;9,88206E-07;2,09249E-07;-0,499987229;0,101190422;3,807E-09;-3,298E-09;2,79412E-06;6,83655E-07;-0,499987229;0,081151167;1,0475E-08;-9,39E-09;9,306E-09;6,298E-09;0,465904863;-0,425841985;1,64E-10;-3,97E-10
12h05m53s,52m;3,06808E-06;7,61717E-07;-0,499987229;0,063115837;1,3624E-08;-1,0912E-08;1,25138E-06;3,32613E-07;-0,499987229;0,083155092;4,558E-09;-3,667E-09;3,68282E-06;8,5059E-07;-0,499987229;0,085159018;1,4054E-08;-1,3188E-08;3,82546E-06;8,55828E-07;-0,499987229;0,089166869;1,436E-08;-1,3619E-08;3,82245E-06;8,5442E-07;-0,499987229;0,09317472;1,4326E-08;-1,3546E-08;6,568E-07;1,43014E-07;-0,489967601;0,109206124;2,887E-09;-2,274E-09;2,8148E-06;5,75342E-07;-0,499987229;0,117221826;1,0696E-08;-9,455E-09;1,1071E-08;9,43E-09;0,499971597;-0,499987229;1,82E-10;-2,1E-11;2,02931E-06;4,88839E-07;-0,499987229;0,107202198;7,645E-09;-6,808E-09;2,20391E-06;3,78228E-07;-0,499987229;0,123233602;8,711E-09;-7,277E-09;1,1963E-06;4,49227E-07;0,499971597;0,0130177;3,922E-09;-2,834E-09;1,64476E-06;3,8321E-07;-0,499987229;0,081151167;7,201E-09;-4,984E-09;1,62043E-06;3,42211E-07;-0,499987229;0,087162943;6,483E-09;-5,404E-09;1,73385E-06;4,2988E-07;-0,499987229;0,061111912;7,074E-09;-5,649E-09;9,384E-09;7,178E-09;0,499971597;-0,499987229;1,56E-10;-2,8E-11;1,0513E-08;8,833E-09;0,499971597;-0,499987229;1,44E-10;-2,6E-11;2,47254E-06;6,05171E-07;-0,499987229;0,07513939;9,788E-09;-8,041E-09;9,87386E-07;2,10146E-07;-0,499987229;0,099186496;3,722E-09;-3,208E-09;2,81186E-06;6,81463E-07;-0,499987229;0,083155092;1,1416E-08;-9,205E-09;9,734E-09;4,5E-09;0,499971597;-0,499987229;2,3E-10;-4,4E-11
12h06m00s,71m;3,08133E-06;7,59769E-07;-0,499987229;0,065119763;1,3677E-08;-1,0803E-08;1,25029E-06;3,33166E-07;-0,499987229;0,085159018;4,556E-09;-3,694E-09;3,70516E-06;8,5015E-07;-0,499987229;0,087162943;1,4107E-08;-1,3207E-08;3,84296E-06;8,56009E-07;-0,499987229;0,09317472;1,4439E-08;-1,3622E-08;3,81446E-06;8,53719E-07;-0,499987229;0,097182571;1,4263E-08;-1,3556E-08;6,66055E-07;1,43174E-07;-0,499987229;0,111210049;2,895E-09;-2,332E-09;2,84112E-06;5,88951E-07;-0,499987229;0,119225751;1,0468E-08;-9,243E-09;1,0359E-08;8,939E-09;0,425826353;-0,471932272;7,7E-11;-2,2E-10;2,01734E-06;4,88831E-07;-0,491971527;0,109206124;7,583E-09;-6,758E-09;2,21384E-06;3,77785E-07;-0,499987229;0,125237528;8,58E-09;-7,231E-09;1,19608E-06;4,48267E-07;0,499971597;0,017025551;3,75E-09;-2,96E-09;1,66121E-06;3,831E-07;-0,499987229;0,085159018;6,391E-09;-5,018E-09;1,62241E-06;3,43074E-07;-0,499987229;0,091170794;6,547E-09;-5,364E-09;1,74073E-06;4,3506E-07;-0,499987229;0,065119763;6,935E-09;-6,007E-09;9,156E-09;6,901E-09;0,023037327;-0,499987229;1,15E-10;-3,3E-11;1,0976E-08;9,281E-09;0,499971597;0,461897012;1,95E-10;-2,3E-11;2,4855E-06;6,06984E-07;-0,499987229;0,077143316;9,602E-09;-8,011E-09;9,94174E-07;2,09965E-07;-0,499987229;0,097182571;3,752E-09;-3,26E-09;2,82172E-06;6,81866E-07;-0,499987229;0,085159018;1,0618E-08;-9,232E-09;9,624E-09;3,01E-09;0,469912714;-0,499987229;4E-10;-2,28E-10
12h06m07s,86m;3,08526E-06;7,63767E-07;-0,499987229;0,067123688;1,3626E-08;-1,0829E-08;1,25775E-06;3,33095E-07;-0,499987229;0,087162943;4,543E-09;-3,682E-09;3,69681E-06;8,51052E-07;-0,499987229;0,089166869;1,3935E-08;-1,3182E-08;3,8322E-06;8,57789E-07;-0,499987229;0,09317472;1,4354E-08;-1,3635E-08;3,83095E-06;8,55099E-07;-0,499987229;0,099186496;1,4283E-08;-1,3495E-08;6,58917E-07;1,42418E-07;-0,499987229;0,1152179;2,922E-09;-2,29E-09;2,85925E-06;5,8526E-07;-0,499987229;0,121229677;1,0301E-08;-9,463E-09;1,0446E-08;9,439E-09;0,223429877;-0,473936197;6,9E-11;-6,6E-11;2,0413E-06;4,89251E-07;-0,499987229;0,111210049;7,634E-09;-6,834E-09;2,22207E-06;3,7796E-07;-0,499987229;0,127241453;8,72E-09;-7,306E-09;1,18656E-06;4,47643E-07;0,499971597;0,019029476;3,818E-09;-3,023E-09;1,66015E-06;3,8177E-07;-0,499987229;0,085159018;6,335E-09;-5,031E-09;1,63133E-06;3,41503E-07;-0,499987229;0,09317472;6,804E-09;-5,489E-09;1,75476E-06;4,26061E-07;-0,499987229;0,067123688;7,04E-09;-5,839E-09;9,086E-09;7,064E-09;0,499971597;-0,499987229;1,55E-10;-3,4E-11;1,0459E-08;7,783E-09;0,499971597;-0,499987229;2,64E-10;-1,7E-11;2,50455E-06;6,05543E-07;-0,499987229;0,081151167;9,314E-09;-8,042E-09;9,9902E-07;2,08681E-07;-0,499987229;0,107202198;3,813E-09;-3,15E-09;2,83891E-06;6,82264E-07;-0,499987229;0,087162943;1,0319E-08;-9,375E-09;9,818E-09;1,068E-09;0,469912714;-0,499987229;3,51E-10;-3,21E-10
12h06m15s,05m;3,10108E-06;7,63206E-07;-0,499987229;0,067123688;1,3588E-08;-1,0837E-08;1,26331E-06;3,32682E-07;-0,499987229;0,089166869;4,577E-09;-3,669E-09;3,70822E-06;8,50571E-07;-0,499987229;0,091170794;1,3944E-08;-1,3126E-08;3,86571E-06;8,56511E-07;-0,499987229;0,095178645;1,4403E-08;-1,3588E-08;3,83917E-06;8,54819E-07;-0,499987229;0,099186496;1,4256E-08;-1,3542E-08;6,62554E-07;1,43173E-07;-0,487963676;0,1152179;2,872E-09;-2,294E-09;2,85459E-06;5,94081E-07;-0,499987229;0,123233602;1,0325E-08;-9,525E-09;1,1532E-08;9,264E-09;0,499971597;-0,499987229;2,21E-10;-2E-11;2,02959E-06;4,87512E-07;-0,489967601;0,113213975;7,634E-09;-6,813E-09;2,22869E-06;3,7853E-07;-0,499987229;0,129245379;8,841E-09;-7,326E-09;1,18105E-06;4,46696E-07;0,499971597;0,021033402;3,741E-09;-3,013E-09;1,66681E-06;3,83811E-07;-0,499987229;0,087162943;6,461E-09;-5,01E-09;1,62982E-06;3,4387E-07;-0,499987229;0,095178645;6,821E-09;-5,427E-09;1,76671E-06;4,28631E-07;-0,499987229;0,069127614;6,895E-09;-5,755E-09;9,682E-09;5,813E-09;0,499971597;-0,499987229;3,06E-10;-1,6E-11;1,0949E-08;9,029E-09;0,499971597;-0,499987229;1,39E-10;-1,8E-11;2,5044E-06;6,07171E-07;-0,499987229;0,083155092;9,415E-09;-8,05E-09;9,96509E-07;2,09385E-07;-0,499987229;0,103194347;3,966E-09;-3,245E-09;2,84684E-06;6,86974E-07;-0,499987229;0,091170794;1,0068E-08;-9,227E-09;1,0055E-08;-1,54E-10;0,463900938;-0,499987229;4,61E-10;-3,53E-10
12h06m22s,20m;3,09365E-06;7,59169E-07;-0,499987229;0,069127614;1,3645E-08;-1,0902E-08;1,26298E-06;3,32217E-07;-0,499987229;0,089166869;4,573E-09;-3,706E-09;3,71633E-06;8,51127E-07;-0,499987229;0,09317472;1,3839E-08;-1,3139E-08;3,87348E-06;8,57935E-07;-0,499987229;0,099186496;1,4277E-08;-1,3674E-08;3,8533E-06;8,56229E-07;-0,499987229;0,103194347;1,4196E-08;-1,3533E-08;6,64592E-07;1,43317E-07;-0,487963676;0,119225751;2,9E-09;-2,3E-09;2,86952E-06;5,89256E-07;-0,499987229;0,125237528;1,0674E-08;-9,496E-09;1,0668E-08;8,876E-09;-0,467924421;0,499971597;2,38E-10;-2,13E-10;2,02957E-06;4,87871E-07;-0,491971527;0,117221826;7,526E-09;-6,87E-09;2,23209E-06;3,77775E-07;-0,499987229;0,131249304;8,703E-09;-7,29E-09;1,1804E-06;4,47483E-07;0,499971597;0,023037327;3,793E-09;-2,943E-09;1,67705E-06;3,82939E-07;-0,499987229;0,091170794;6,467E-09;-5,145E-09;1,6417E-06;3,41561E-07;-0,499987229;0,099186496;6,3E-09;-5,454E-09;1,75885E-06;4,24521E-07;-0,499987229;0,069127614;6,961E-09;-5,688E-09;9,08E-09;7,318E-09;0,07513939;0,499971597;2,7E-11;-1,34E-10;1,0927E-08;8,613E-09;-0,499987229;0,499971597;3,4E-11;-1,61E-10;2,52268E-06;6,07786E-07;-0,499987229;0,085159018;9,793E-09;-8,053E-09;1,01563E-06;2,0932E-07;-0,499987229;0,109206124;3,758E-09;-3,27E-09;2,85769E-06;6,83058E-07;-0,499987229;0,09317472;1,0459E-08;-9,297E-09;1,0468E-08;-2,24E-09;0,499971597;-0,499987229;2,6E-10;-3,2E-11
12h06m29s,37m;3,11419E-06;7,62064E-07;-0,499987229;0,071131539;1,3614E-08;-1,0882E-08;1,26592E-06;3,32183E-07;-0,499987229;0,09317472;4,578E-09;-3,677E-09;3,69728E-06;8,4931E-07;-0,499987229;0,095178645;1,3899E-08;-1,3107E-08;3,85604E-06;8,56409E-07;-0,499987229;0,101190422;1,4393E-08;-1,3644E-08;3,87953E-06;8,54876E-07;-0,499987229;0,105198273;1,4215E-08;-1,3612E-08;6,72553E-07;1,43582E-07;-0,499987229;0,121229677;2,914E-09;-2,307E-09;2,88167E-06;5,95321E-07;-0,499987229;0,129245379;1,039E-08;-9,575E-09;1,0653E-08;9,343E-09;-0,427845911;-0,499987229;1,17E-10;-2,9E-11;2,05788E-06;4,89085E-07;-0,497983303;0,119225751;7,602E-09;-6,809E-09;2,24416E-06;3,78649E-07;-0,499987229;0,135257155;8,743E-09;-7,347E-09;1,17209E-06;4,4807E-07;0,499971597;0,027045178;3,75E-09;-2,965E-09;1,68053E-06;3,85212E-07;-0,499987229;0,09317472;6,443E-09;-5,089E-09;1,64138E-06;3,42427E-07;-0,499987229;0,099186496;6,708E-09;-5,518E-09;1,76647E-06;4,24717E-07;-0,499987229;0,07513939;6,923E-09;-5,747E-09;9,372E-09;6,444E-09;0,499971597;-0,499987229;2,56E-10;-3E-11;1,041E-08;9,064E-09;-0,273543647;-0,499987229;1,5E-10;-3,3E-11;2,51757E-06;6,07014E-07;-0,499987229;0,087162943;9,699E-09;-8,058E-09;1,00895E-06;2,09366E-07;-0,499987229;0,113213975;3,682E-09;-3,284E-09;2,84929E-06;6,82597E-07;-0,499987229;0,095178645;1,0269E-08;-9,315E-09;1,0747E-08;-3,709E-09;0,499971597;-0,499987229;3,09E-10;-1,5E-11
12h06m36s,53m;3,11931E-06;7,59836E-07;-0,499987229;0,073135465;1,3633E-08;-1,0882E-08;1,26881E-06;3,31653E-07;-0,499987229;0,091170794;4,545E-09;-3,694E-09;3,87565E-06;-1,91343E-07;-0,499987229;-0,413818432;8,273E-09;-2,08494E-07;3,89206E-06;8,55438E-07;-0,499987229;0,101190422;1,436E-08;-1,3726E-08;3,87996E-06;8,54753E-07;-0,499987229;0,107202198;1,4273E-08;-1,3547E-08;6,68421E-07;1,43426E-07;-0,491971527;0,123233602;2,897E-09;-2,307E-09;2,88389E-06;5,8794E-07;-0,499987229;0,131249304;1,0468E-08;-9,662E-09;1,0495E-08;8,981E-09;0,495963746;-0,499987229;1,42E-10;-2,9E-11;2,06333E-06;4,88197E-07;-0,499987229;0,121229677;7,569E-09;-6,926E-09;2,25615E-06;3,77937E-07;-0,499987229;0,137261081;8,756E-09;-7,251E-09;1,16567E-06;4,47704E-07;0,499971597;0,029049104;3,743E-09;-2,916E-09;1,68881E-06;3,84923E-07;-0,499987229;0,095178645;6,321E-09;-5,029E-09;1,66261E-06;3,41393E-07;-0,499987229;0,103194347;6,585E-09;-5,484E-09;1,77585E-06;4,28824E-07;-0,499987229;0,077143316;7,11E-09;-5,795E-09;8,895E-09;6,951E-09;0,461897012;-0,499987229;1,13E-10;-2,13E-10;1,0203E-08;9,25E-09;0,275531941;0,499971597;2,6E-11;-1,04E-10;2,5658E-06;6,06589E-07;-0,499987229;0,091170794;9,165E-09;-8,124E-09;1,02173E-06;2,10189E-07;-0,499987229;0,1152179;3,736E-09;-3,257E-09;2,88008E-06;6,84499E-07;-0,499987229;0,099186496;1,0398E-08;-9,382E-09;1,0016E-08;-1,815E-09;0,499971597;-0,477944048;2,67E-10;-3,19E-10
12h06m43s,67m;3,12714E-06;7,6365E-07;-0,499987229;0,07513939;1,3619E-08;-1,0898E-08;1,27819E-06;3,32069E-07;-0,499987229;0,097182571;4,563E-09;-3,712E-09;1,1036E-08;9,476E-09;-0,499987229;-0,467924421;1,74E-10;-2,27E-10;3,91129E-06;0,000000857;-0,499987229;0,105198273;1,4378E-08;-1,372E-08;3,90207E-06;8,54378E-07;-0,499987229;0,109206124;1,4276E-08;-1,365E-08;6,73267E-07;1,43747E-07;-0,495979378;0,127241453;2,918E-09;-2,274E-09;2,88717E-06;5,96064E-07;-0,499987229;0,13325323;1,0313E-08;-9,419E-09;1,0654E-08;9,204E-09;0,331641855;-0,471932272;1,26E-10;-1,98E-10;2,07037E-06;4,89455E-07;-0,497983303;0,125237528;7,606E-09;-6,893E-09;2,26094E-06;3,78188E-07;-0,499987229;0,141268932;8,791E-09;-7,253E-09;1,16164E-06;4,46655E-07;0,499971597;0,031053029;3,895E-09;-2,949E-09;1,70427E-06;3,84494E-07;-0,499987229;0,099186496;6,435E-09;-5,103E-09;1,65772E-06;3,42595E-07;-0,499987229;0,105198273;6,765E-09;-5,464E-09;1,781E-06;4,28349E-07;-0,499987229;0,077143316;7,116E-09;-5,785E-09;1,0032E-08;5,783E-09;0,499971597;-0,499987229;2,34E-10;-4,4E-11;1,0902E-08;8,552E-09;0,499971597;-0,499987229;2E-10;-4,1E-11;2,55828E-06;6,09214E-07;-0,499987229;0,09317472;9,321E-09;-8,108E-09;1,02521E-06;2,10986E-07;-0,499987229;0,1152179;3,872E-09;-3,31E-09;2,89813E-06;6,82972E-07;-0,499987229;0,101190422;1,0692E-08;-9,447E-09;1,0213E-08;-3,13E-09;0,467908789;-0,499987229;5,34E-10;-3,4E-10
12h06m50s,81m;3,13692E-06;7,64443E-07;-0,499987229;0,077143316;1,354E-08;-1,0881E-08;1,27565E-06;3,31662E-07;-0,499987229;0,097182571;4,562E-09;-3,7E-09;1,1106E-08;9,847E-09;-0,073151097;-0,499987229;1,09E-10;-2,3E-11;3,91125E-06;8,55914E-07;-0,499987229;0,107202198;1,4293E-08;-1,3709E-08;3,94587E-06;8,54095E-07;-0,499987229;0,113213975;1,4325E-08;-1,3529E-08;6,78832E-07;1,42587E-07;-0,495979378;0,129245379;2,911E-09;-2,284E-09;2,91409E-06;5,917E-07;-0,499987229;0,13325323;1,054E-08;-9,386E-09;1,0587E-08;9,547E-09;0,375728216;-0,229457286;6,3E-11;-1,44E-10;2,06393E-06;4,86855E-07;-0,491971527;0,127241453;7,519E-09;-6,894E-09;2,27341E-06;3,77483E-07;-0,499987229;0,141268932;8,684E-09;-7,233E-09;1,15345E-06;4,45534E-07;0,499971597;0,033056955;3,767E-09;-2,927E-09;1,69509E-06;3,85826E-07;-0,499987229;0,103194347;6,426E-09;-5,018E-09;1,67234E-06;3,41853E-07;-0,499987229;0,109206124;6,34E-09;-5,438E-09;1,8002E-06;4,46373E-07;-0,499987229;0,077143316;7,01E-09;-5,822E-09;9,122E-09;6,962E-09;0,469912714;-0,499987229;2,52E-10;-1,8E-10;1,0487E-08;8,853E-09;0,27152409;-0,499987229;1,94E-10;-1,93E-10;2,57402E-06;6,07914E-07;-0,499987229;0,099186496;9,599E-09;-8,095E-09;1,02651E-06;2,09033E-07;-0,499987229;0,121229677;3,722E-09;-3,196E-09;2,89746E-06;6,84103E-07;-0,499987229;0,105198273;1,0101E-08;-9,543E-09;1,0375E-08;-4,556E-09;0,467908789;-0,499987229;5,73E-10;-3,53E-10
12h06m57s,94m;3,14268E-06;7,65837E-07;-0,499987229;0,081151167;1,3513E-08;-1,0943E-08;1,28236E-06;3,31385E-07;-0,499987229;0,103194347;4,586E-09;-3,699E-09;1,2022E-08;9,283E-09;-0,137276713;0,499971597;3,9E-11;-2,42E-10;3,92632E-06;8,5537E-07;-0,499987229;0,113213975;1,4419E-08;-1,3595E-08;3,94794E-06;8,53902E-07;-0,499987229;0,117221826;1,4317E-08;-1,356E-08;6,81323E-07;1,4226E-07;-0,499987229;0,131249304;2,882E-09;-2,293E-09;2,93076E-06;5,95852E-07;-0,499987229;0,137261081;1,0404E-08;-9,403E-09;1,0883E-08;9,564E-09;-0,499987229;-0,46391657;2,8E-11;-1,67E-10;2,10099E-06;4,87391E-07;-0,499987229;0,129245379;7,518E-09;-6,981E-09;2,28662E-06;3,78266E-07;-0,499987229;0,147280708;8,653E-09;-7,307E-09;1,15165E-06;4,43486E-07;0,499971597;0,037064806;3,791E-09;-2,978E-09;1,7056E-06;3,84784E-07;-0,499987229;0,105198273;6,469E-09;-5,073E-09;1,68273E-06;3,41103E-07;-0,499987229;0,111210049;6,645E-09;-5,526E-09;1,79766E-06;4,33605E-07;-0,499987229;0,085159018;6,816E-09;-5,872E-09;8,966E-09;7,7E-09;-0,029064736;-0,46391657;2,8E-11;-1,61E-10;1,042E-08;9,489E-09;-0,499987229;0,027045178;6,4E-11;-4E-11;2,59839E-06;6,05474E-07;-0,499987229;0,101190422;9,387E-09;-8,126E-09;1,03536E-06;2,10297E-07;-0,499987229;0,123233602;3,767E-09;-3,25E-09;2,91578E-06;6,84002E-07;-0,499987229;0,107202198;1,0869E-08;-9,507E-09;1,0654E-08;-4,378E-09;0,499971597;-0,499987229;2,95E-10;-4,6E-11
12h07m05s,06m;3,17796E-06;7,66141E-07;-0,499987229;0,085159018;1,3624E-08;-1,0893E-08;1,28941E-06;3,3049E-07;-0,499987229;0,107202198;4,589E-09;-3,744E-09;1,0989E-08;9,635E-09;-0,025056885;-0,079162873;3,2E-11;-7,3E-11;3,94356E-06;8,54639E-07;-0,499987229;0,1152179;1,4425E-08;-1,3728E-08;3,96331E-06;8,52424E-07;-0,499987229;0,119225751;1,4335E-08;-1,3605E-08;6,86563E-07;1,42716E-07;-0,499987229;0,13325323;2,866E-09;-2,299E-09;2,9471E-06;5,94568E-07;-0,499987229;0,139265006;1,0455E-08;-9,462E-09;1,1302E-08;9,462E-09;-0,499987229;-0,465920495;1,46E-10;-2,47E-10;2,08956E-06;4,88359E-07;-0,499987229;0,13325323;7,547E-09;-6,975E-09;2,29314E-06;3,77677E-07;-0,499987229;0,149284634;8,692E-09;-7,415E-09;1,14166E-06;4,45029E-07;0,499971597;0,041072657;3,759E-09;-2,976E-09;1,71459E-06;3,83865E-07;-0,499987229;0,109206124;6,391E-09;-5,044E-09;1,68801E-06;3,42375E-07;-0,499987229;0,113213975;6,562E-09;-5,596E-09;1,82201E-06;4,35766E-07;-0,499987229;0,089166869;6,847E-09;-6,003E-09;8,912E-09;7,655E-09;0,425826353;-0,073151097;3,2E-11;-1,01E-10;1,0901E-08;9,289E-09;-0,499987229;0,119225751;1,9E-11;-1,44E-10;2,59026E-06;6,05861E-07;-0,499987229;0,105198273;8,898E-09;-7,99E-09;1,0373E-06;2,10676E-07;-0,499987229;0,125237528;3,693E-09;-3,266E-09;2,95813E-06;6,81671E-07;-0,499987229;0,111210049;1,0047E-08;-9,523E-09;1,0293E-08;-2,004E-09;0,499971597;-0,479947974;2,39E-10;-1,9E-10
12h07m12s,18m;3,1692E-06;7,65286E-07;-0,499987229;0,087162943;1,3534E-08;-1,0873E-08;1,29515E-06;3,31647E-07;-0,499987229;0,107202198;4,604E-09;-3,712E-09;1,3297E-08;1,1385E-08;-0,499987229;0,47191664;1,11E-10;-6,1E-11;3,97099E-06;8,54916E-07;-0,499987229;0,117221826;1,4435E-08;-1,3744E-08;3,95878E-06;8,559E-07;-0,499987229;0,121229677;1,4346E-08;-1,3635E-08;6,87063E-07;1,436E-07;-0,499987229;0,141268932;2,891E-09;-2,297E-09;2,96984E-06;5,88213E-07;-0,499987229;0,147280708;1,0485E-08;-9,374E-09;1,0531E-08;9,17E-09;0,499971597;-0,499987229;1,25E-10;-3E-11;2,09405E-06;4,89419E-07;-0,489967601;0,137261081;7,531E-09;-6,952E-09;2,30403E-06;3,77538E-07;-0,499987229;0,15529641;8,693E-09;-7,324E-09;1,14494E-06;4,42132E-07;0,499971597;0,047084433;3,821E-09;-2,998E-09;1,72955E-06;3,84029E-07;-0,499987229;0,111210049;6,405E-09;-5,395E-09;1,69742E-06;3,413E-07;-0,499987229;0,117221826;6,262E-09;-5,489E-09;1,82655E-06;4,28598E-07;-0,499987229;0,089166869;6,887E-09;-5,782E-09;9,191E-09;6,515E-09;0,377732141;-0,499987229;2,03E-10;-3,4E-11;1,0494E-08;9,353E-09;-0,169339521;-0,22745336;4,2E-11;-2,7E-11;2,60724E-06;6,05762E-07;-0,499987229;0,107202198;9,426E-09;-8,095E-09;1,04897E-06;2,10164E-07;-0,499987229;0,129245379;3,747E-09;-3,219E-09;2,96114E-06;6,82802E-07;-0,499987229;0,113213975;1,0583E-08;-9,597E-09;1,0523E-08;-3,595E-09;0,465904863;-0,499987229;5,14E-10;-3,49E-10
12h07m19s,31m;3,19345E-06;7,65611E-07;-0,499987229;0,091170794;1,3521E-08;-1,0898E-08;1,29976E-06;3,31986E-07;-0,499987229;0,109206124;4,586E-09;-3,701E-09;1,6112E-08;1,3039E-08;0,499971597;-0,375743848;2,62E-10;-1,59E-10;3,99644E-06;8,57719E-07;-0,499987229;0,119225751;1,4464E-08;-1,3697E-08;3,98639E-06;8,5568E-07;-0,499987229;0,125237528;1,4316E-08;-1,3601E-08;6,88809E-07;1,43064E-07;-0,491971527;0,141268932;2,872E-09;-2,315E-09;2,96606E-06;5,89981E-07;-0,499987229;0,147280708;1,0437E-08;-9,565E-09;1,042E-08;9,356E-09;0,499971597;-0,473936197;6,1E-11;-6E-11;2,11644E-06;4,88298E-07;-0,499987229;0,139265006;7,59E-09;-6,992E-09;2,31003E-06;3,76077E-07;-0,499987229;0,157300336;8,683E-09;-7,309E-09;1,13319E-06;4,4249E-07;0,499971597;0,051092284;3,834E-09;-3,029E-09;1,73737E-06;3,84165E-07;-0,499987229;0,113213975;6,452E-09;-5,102E-09;1,70291E-06;3,4172E-07;-0,499987229;0,117221826;5,961E-09;-5,5E-09;1,831E-06;4,31618E-07;-0,499987229;0,09317472;7,036E-09;-5,917E-09;9,088E-09;7,46E-09;0,499971597;-0,499987229;1,32E-10;-3,2E-11;1,0249E-08;9,058E-09;-0,043092214;0,499971597;1,33E-10;-1,38E-10;2,62497E-06;6,04697E-07;-0,499987229;0,109206124;9,27E-09;-8,106E-09;1,0441E-06;2,10016E-07;-0,499987229;0,131249304;3,686E-09;-3,349E-09;3,00511E-06;6,84145E-07;-0,499987229;0,117221826;1,0201E-08;-9,395E-09;9,671E-09;-2,289E-09;0,427830279;-0,475940123;2,07E-10;-3,33E-10
12h07m26s,48m;3,2096E-06;7,66535E-07;-0,499987229;0,095178645;1,3617E-08;-1,0898E-08;1,30386E-06;3,31119E-07;-0,499987229;0,113213975;4,615E-09;-3,689E-09;1,1617E-08;9,815E-09;-0,499987229;0,023037327;3,1E-11;-1,65E-10;3,992E-06;8,52866E-07;-0,499987229;0,123233602;1,4419E-08;-1,3791E-08;3,9977E-06;8,52814E-07;-0,499987229;0,127241453;1,4335E-08;-1,3703E-08;6,91264E-07;1,42826E-07;-0,499987229;0,143272857;2,899E-09;-2,346E-09;2,98814E-06;5,91866E-07;-0,499987229;0,153292485;1,0334E-08;-9,514E-09;1,0208E-08;9,057E-09;0,231445579;0,469912714;1,82E-10;-6,9E-11;2,11436E-06;4,8868E-07;-0,497983303;0,143272857;7,547E-09;-7,073E-09;2,32034E-06;3,77002E-07;-0,499987229;0,159304261;8,622E-09;-7,409E-09;1,12605E-06;4,42972E-07;0,499971597;0,051092284;3,83E-09;-2,999E-09;1,74685E-06;3,8268E-07;-0,499987229;0,117221826;6,422E-09;-5,111E-09;1,69537E-06;3,4209E-07;-0,499987229;0,119225751;6,696E-09;-5,614E-09;1,82522E-06;4,33815E-07;-0,499987229;0,095178645;7,069E-09;-5,757E-09;9,282E-09;5,812E-09;0,499971597;-0,499987229;2,73E-10;-2,1E-11;1,0334E-08;8,497E-09;-0,277551498;-0,499987229;2,57E-10;-4,3E-11;2,6371E-06;6,06402E-07;-0,499987229;0,111210049;8,996E-09;-8,13E-09;1,04857E-06;2,08933E-07;-0,499987229;0,135257155;3,691E-09;-3,207E-09;2,98294E-06;6,85079E-07;-0,499987229;0,119225751;1,0198E-08;-9,542E-09;9,799E-09;-3,539E-09;0,481936267;-0,499987229;3,74E-10;-9,5E-11
